"""The Other Guys"" stays top of UK box office (tiscali.co.uk)",http://news.feedzilla.com/en_us/stories/top-news/15587113?client_source=api&format=json,Will Ferrell and Mark Wahlberg clung on to top spot at the box office...
"""The Other Guys"" stays top of UK box office (tiscali.co.uk)",http://news.feedzilla.com/en_us/stories/top-news/15587113?client_source=api&format=json,Will Ferrell and Mark Wahlberg clung on to top spot at the box office...
"""The Other Guys"" stays top of UK box office (tiscali.co.uk)",http://news.feedzilla.com/en_us/stories/top-news/15587113?client_source=api&format=json,Will Ferrell and Mark Wahlberg clung on to top spot at the box office...
"""The Other Guys"" stays top of UK box office (tiscali.co.uk)",http://news.feedzilla.com/en_us/stories/top-news/15587113?client_source=api&format=json,Will Ferrell and Mark Wahlberg clung on to top spot at the box office...
"""The Other Guys"" stays top of UK box office (tiscali.co.uk)",http://news.feedzilla.com/en_us/stories/top-news/15587113?client_source=api&format=json,Will Ferrell and Mark Wahlberg clung on to top spot at the box office...
"""The Other Guys"" stays top of UK box office (tiscali.co.uk)",http://news.feedzilla.com/en_us/stories/top-news/15587113?client_source=api&format=json,Will Ferrell and Mark Wahlberg clung on to top spot at the box office...
"""The Other Guys"" stays top of UK box office (tiscali.co.uk)",http://news.feedzilla.com/en_us/stories/top-news/15587113?client_source=api&format=json,Will Ferrell and Mark Wahlberg clung on to top spot at the box office...
Ancient Megadrought Entombed Dodos In Poisonous Fecal Cocktail,http://rss.slashdot.org/~r/Slashdot/slashdot/~3/KeK-Usok47E/ancient-megadrought-entombed-dodos-in-poisonous-fecal-cocktail,"sciencehabit writes: Nine hundred kilometers off the east coast of Madagascar lies the tiny island paradise of Mauritius. The waters are pristine, the beaches bright white, and the average temperature hovers between 22C and 28C (72F to 82F) year-round. But conditions there may not have always been so idyllic. A new study suggests that about 4000 years ago, a prolonged drought on the island left many of the native species, such as dodo birds and giant tortoises, dead in a soup of poisonous algae and their own feces.<p><div class=""share_submission"" style=""position:relative;"">
<a class=""slashpop"" href=""http://twitter.com/home?status=Ancient+Megadrought+Entombed+Dodos+In+Poisonous+Fecal+Cocktail%3A+http%3A%2F%2Fbit.ly%2F1Ajsogq""><img src=""http://a.fsdn.com/sd/twitter_icon_large.png""></a>
<a class=""slashpop"" href=""http://www.facebook.com/sharer.php?u=http%3A%2F%2Fscience.slashdot.org%2Fstory%2F15%2F04%2F30%2F027205%2Fancient-megadrought-entombed-dodos-in-poisonous-fecal-cocktail%3Futm_source%3Dslashdot%26utm_medium%3Dfacebook""><img src=""http://a.fsdn.com/sd/facebook_icon_large.png""></a>

<a class=""nobg"" href=""http://plus.google.com/share?url=http://science.slashdot.org/story/15/04/30/027205/ancient-megadrought-entombed-dodos-in-poisonous-fecal-cocktail?utm_source=slashdot&amp;utm_medium=googleplus"" onclick=""javascript:window.open(this.href,'', 'menubar=no,toolbar=no,resizable=yes,scrollbars=yes,height=600,width=600');return false;""><img src=""http://www.gstatic.com/images/icons/gplus-16.png"" alt=""Share on Google+""/></a>                                                                                                                                                                              



</div></p><p><a href=""http://science.slashdot.org/story/15/04/30/027205/ancient-megadrought-entombed-dodos-in-poisonous-fecal-cocktail?utm_source=rss1.0moreanon&amp;utm_medium=feed"">Read more of this story</a> at Slashdot.</p><iframe src=""http://slashdot.org/slashdot-it.pl?op=discuss&amp;id=7341155&amp;smallembed=1"" style=""height: 300px; width: 100%; border: none;""></iframe><img src=""http://feeds.feedburner.com/~r/Slashdot/slashdot/~4/KeK-Usok47E"" height=""1"" width=""1"" alt=""""/>"
Disney Replaces Longtime IT Staff With H-1B Workers,http://rss.slashdot.org/~r/Slashdot/slashdot/~3/LtH7a3mzxaI/disney-replaces-longtime-it-staff-with-h-1b-workers,"Lucas123 writes: Disney CEO Bob Iger is one of eight co-chairs of the Partnership for a New American Economy, a leading group advocating for an increase in the H-1B visa cap. Last Friday, the partnership was a sponsor of an H-1B briefing at the U.S. Capitol for congressional staffers. The briefing was closed to the press. One of the briefing documents obtained after the meeting stated, ""H-1B workers complement &mdash; instead of displace &mdash; U.S. Workers."" Last October, however, Disney laid off at least 135 IT staff (though employees say it was hundreds more), many of them longtime workers. Disney then replaced them with H-1B contractors that company said could better ""focus on future innovation and new capabilities."" The fired workers believe the primary motivation behind Disney's action was cost-cutting. ""Some of these folks were literally flown in the day before to take over the exact same job I was doing,"" one former employee said. Disney officials promised new job opportunities as a result of the restructuring, but the former staff interviewed by Computerworld said they knew of few co-workers who had landed one of the new jobs. Use of visa workers in a layoff &gt;is a public policy issue, particularly for Disney. Ten U.S. senators are currently seeking a federal investigation into displacement of IT workers by H-1B-using contractors. Kim Berry, president of the Programmer's Guild, said Congress should protect American workers by mandating that positions can only be filled by H-1B workers when no qualified American &mdash; at any wage &mdash; can be found to fill the position.""<p><div class=""share_submission"" style=""position:relative;"">
<a class=""slashpop"" href=""http://twitter.com/home?status=Disney+Replaces+Longtime+IT+Staff+With+H-1B+Workers%3A+http%3A%2F%2Fbit.ly%2F1Q09Bjq""><img src=""http://a.fsdn.com/sd/twitter_icon_large.png""></a>
<a class=""slashpop"" href=""http://www.facebook.com/sharer.php?u=http%3A%2F%2Fit.slashdot.org%2Fstory%2F15%2F04%2F29%2F2146247%2Fdisney-replaces-longtime-it-staff-with-h-1b-workers%3Futm_source%3Dslashdot%26utm_medium%3Dfacebook""><img src=""http://a.fsdn.com/sd/facebook_icon_large.png""></a>

<a class=""nobg"" href=""http://plus.google.com/share?url=http://it.slashdot.org/story/15/04/29/2146247/disney-replaces-longtime-it-staff-with-h-1b-workers?utm_source=slashdot&amp;utm_medium=googleplus"" onclick=""javascript:window.open(this.href,'', 'menubar=no,toolbar=no,resizable=yes,scrollbars=yes,height=600,width=600');return false;""><img src=""http://www.gstatic.com/images/icons/gplus-16.png"" alt=""Share on Google+""/></a>                                                                                                                                                                              



</div></p><p><a href=""http://it.slashdot.org/story/15/04/29/2146247/disney-replaces-longtime-it-staff-with-h-1b-workers?utm_source=rss1.0moreanon&amp;utm_medium=feed"">Read more of this story</a> at Slashdot.</p><iframe src=""http://slashdot.org/slashdot-it.pl?op=discuss&amp;id=7340507&amp;smallembed=1"" style=""height: 300px; width: 100%; border: none;""></iframe><img src=""http://feeds.feedburner.com/~r/Slashdot/slashdot/~4/LtH7a3mzxaI"" height=""1"" width=""1"" alt=""""/>"
Fetch Robotics Unveils Warehouse Robots,http://rss.slashdot.org/~r/Slashdot/slashdot/~3/oiYMBonMWqE/fetch-robotics-unveils-warehouse-robots,"gthuang88 writes: Warehouse automation has become a big business, with Amazon's Kiva robots leading the way. Now a startup called Fetch Robotics is rolling out a pair of new robots that can pick boxes off of shelves, pass them to each other, and carry the goods to a shipping station. Fetch, led by Willow Garage veteran Melonee Wise, is competing with companies like Amazon's Kiva Systems, Rethink Robotics, and Harvest Automation to develop dexterous, mobile robots for retail, distribution, and manufacturing.<p><div class=""share_submission"" style=""position:relative;"">
<a class=""slashpop"" href=""http://twitter.com/home?status=Fetch+Robotics+Unveils+Warehouse+Robots%3A+http%3A%2F%2Fbit.ly%2F1ESDUXv""><img src=""http://a.fsdn.com/sd/twitter_icon_large.png""></a>
<a class=""slashpop"" href=""http://www.facebook.com/sharer.php?u=http%3A%2F%2Fhardware.slashdot.org%2Fstory%2F15%2F04%2F29%2F2135205%2Ffetch-robotics-unveils-warehouse-robots%3Futm_source%3Dslashdot%26utm_medium%3Dfacebook""><img src=""http://a.fsdn.com/sd/facebook_icon_large.png""></a>

<a class=""nobg"" href=""http://plus.google.com/share?url=http://hardware.slashdot.org/story/15/04/29/2135205/fetch-robotics-unveils-warehouse-robots?utm_source=slashdot&amp;utm_medium=googleplus"" onclick=""javascript:window.open(this.href,'', 'menubar=no,toolbar=no,resizable=yes,scrollbars=yes,height=600,width=600');return false;""><img src=""http://www.gstatic.com/images/icons/gplus-16.png"" alt=""Share on Google+""/></a>                                                                                                                                                                              



</div></p><p><a href=""http://hardware.slashdot.org/story/15/04/29/2135205/fetch-robotics-unveils-warehouse-robots?utm_source=rss1.0moreanon&amp;utm_medium=feed"">Read more of this story</a> at Slashdot.</p><iframe src=""http://slashdot.org/slashdot-it.pl?op=discuss&amp;id=7340493&amp;smallembed=1"" style=""height: 300px; width: 100%; border: none;""></iframe><img src=""http://feeds.feedburner.com/~r/Slashdot/slashdot/~4/oiYMBonMWqE"" height=""1"" width=""1"" alt=""""/>"
"Google Announces ""Password Alert"" To Protect Against Phishing Attacks",http://rss.slashdot.org/~r/Slashdot/slashdot/~3/WU83RedCnU8/google-announces-password-alert-to-protect-against-phishing-attacks,"HughPickens.com writes: Google has announced Password Alert, a free, open-source Chrome extension that protects your Google Accounts from phishing attacks. Once you've installed it, Password Alert will show a warning if you type your Google password into a site that isn't a Google sign-in page. This protects you from phishing attacks and also encourages you to use different passwords for different sites, a security best practice. Once you've installed and initialized Password Alert, Chrome will remember a ""scrambled"" version of your Google Account password. It only remembers this information for security purposes and doesn't share it with anyone. If you type your password into a site that isn't a Google sign-in page, an alert will tell you that you're at risk of being phished so you can update your password and protect yourself.<p><div class=""share_submission"" style=""position:relative;"">
<a class=""slashpop"" href=""http://twitter.com/home?status=Google+Announces+%22Password+Alert%22+To+Protect+Against+Phishing+Attacks%3A+http%3A%2F%2Fbit.ly%2F1Aia3Aj""><img src=""http://a.fsdn.com/sd/twitter_icon_large.png""></a>
<a class=""slashpop"" href=""http://www.facebook.com/sharer.php?u=http%3A%2F%2Ftech.slashdot.org%2Fstory%2F15%2F04%2F29%2F2131250%2Fgoogle-announces-password-alert-to-protect-against-phishing-attacks%3Futm_source%3Dslashdot%26utm_medium%3Dfacebook""><img src=""http://a.fsdn.com/sd/facebook_icon_large.png""></a>

<a class=""nobg"" href=""http://plus.google.com/share?url=http://tech.slashdot.org/story/15/04/29/2131250/google-announces-password-alert-to-protect-against-phishing-attacks?utm_source=slashdot&amp;utm_medium=googleplus"" onclick=""javascript:window.open(this.href,'', 'menubar=no,toolbar=no,resizable=yes,scrollbars=yes,height=600,width=600');return false;""><img src=""http://www.gstatic.com/images/icons/gplus-16.png"" alt=""Share on Google+""/></a>                                                                                                                                                                              



</div></p><p><a href=""http://tech.slashdot.org/story/15/04/29/2131250/google-announces-password-alert-to-protect-against-phishing-attacks?utm_source=rss1.0moreanon&amp;utm_medium=feed"">Read more of this story</a> at Slashdot.</p><iframe src=""http://slashdot.org/slashdot-it.pl?op=discuss&amp;id=7340475&amp;smallembed=1"" style=""height: 300px; width: 100%; border: none;""></iframe><img src=""http://feeds.feedburner.com/~r/Slashdot/slashdot/~4/WU83RedCnU8"" height=""1"" width=""1"" alt=""""/>"
How One Tweet Wiped $8bn Off Twitter's Value,http://rss.slashdot.org/~r/Slashdot/slashdot/~3/tF7rvtZ4UVU/how-one-tweet-wiped-8bn-off-twitters-value,"An anonymous reader writes: Someone mistakenly published earnings information on a Nasdaq-run investor relations page for Twitter before the company officially released the news and it sent the stock into a tailspin. Initially the earnings statement went unnoticed, but soon a Tweet with the results got a lot of attention. The stock lost more than $8 billion at one point as news spread. ""We asked the New York Stock Exchange to halt trading once we discovered our Q1 numbers were out, and we published our results as soon as possible thereafter,"" said Twitter's senior director for investor relations, Krista Bessinger. ""Selerity, who provided the initial tweets with our results, informed us that earnings release was available on our Investor Relations site before the close of market. Nasdaq hosts and manages our IR website, and we explicitly instructed them not to release our results until after the market close and only upon our specific instructions, which is consistent with prior quarters. We are continuing to investigate with them exactly what occurred.""<p><div class=""share_submission"" style=""position:relative;"">
<a class=""slashpop"" href=""http://twitter.com/home?status=How+One+Tweet+Wiped+%248bn+Off+Twitter's+Value%3A+http%3A%2F%2Fbit.ly%2F1DKXMpy""><img src=""http://a.fsdn.com/sd/twitter_icon_large.png""></a>
<a class=""slashpop"" href=""http://www.facebook.com/sharer.php?u=http%3A%2F%2Fnews.slashdot.org%2Fstory%2F15%2F04%2F29%2F1830243%2Fhow-one-tweet-wiped-8bn-off-twitters-value%3Futm_source%3Dslashdot%26utm_medium%3Dfacebook""><img src=""http://a.fsdn.com/sd/facebook_icon_large.png""></a>

<a class=""nobg"" href=""http://plus.google.com/share?url=http://news.slashdot.org/story/15/04/29/1830243/how-one-tweet-wiped-8bn-off-twitters-value?utm_source=slashdot&amp;utm_medium=googleplus"" onclick=""javascript:window.open(this.href,'', 'menubar=no,toolbar=no,resizable=yes,scrollbars=yes,height=600,width=600');return false;""><img src=""http://www.gstatic.com/images/icons/gplus-16.png"" alt=""Share on Google+""/></a>                                                                                                                                                                              



</div></p><p><a href=""http://news.slashdot.org/story/15/04/29/1830243/how-one-tweet-wiped-8bn-off-twitters-value?utm_source=rss1.0moreanon&amp;utm_medium=feed"">Read more of this story</a> at Slashdot.</p><iframe src=""http://slashdot.org/slashdot-it.pl?op=discuss&amp;id=7339857&amp;smallembed=1"" style=""height: 300px; width: 100%; border: none;""></iframe><img src=""http://feeds.feedburner.com/~r/Slashdot/slashdot/~4/tF7rvtZ4UVU"" height=""1"" width=""1"" alt=""""/>"
"Internet Explorer's Successor, Project Spartan, Is Called Microsoft Edge",http://rss.slashdot.org/~r/Slashdot/slashdot/~3/jwGLjFcXLJU/internet-explorers-successor-project-spartan-is-called-microsoft-edge,"An anonymous reader writes: At its Build 2015 developer conference today, Microsoft announced Project Spartan will be called Microsoft Edge. Joe Belfiore, Microsoft's corporate vice president of the operating systems group, announced the news on stage, adding that Edge will have support for extensions. Edge is Microsoft's new browser shipping on all Windows 10 devices (PCs, tablets, smartphones, and so on). Belfiore explained the name as referring to ""being on the edge of consuming and creating.""<p><div class=""share_submission"" style=""position:relative;"">
<a class=""slashpop"" href=""http://twitter.com/home?status=Internet+Explorer's+Successor%2C+Project+Spartan%2C+Is+Called+Microsoft+Edge%3A+http%3A%2F%2Fbit.ly%2F1KuWeES""><img src=""http://a.fsdn.com/sd/twitter_icon_large.png""></a>
<a class=""slashpop"" href=""http://www.facebook.com/sharer.php?u=http%3A%2F%2Ftech.slashdot.org%2Fstory%2F15%2F04%2F29%2F2124242%2Finternet-explorers-successor-project-spartan-is-called-microsoft-edge%3Futm_source%3Dslashdot%26utm_medium%3Dfacebook""><img src=""http://a.fsdn.com/sd/facebook_icon_large.png""></a>

<a class=""nobg"" href=""http://plus.google.com/share?url=http://tech.slashdot.org/story/15/04/29/2124242/internet-explorers-successor-project-spartan-is-called-microsoft-edge?utm_source=slashdot&amp;utm_medium=googleplus"" onclick=""javascript:window.open(this.href,'', 'menubar=no,toolbar=no,resizable=yes,scrollbars=yes,height=600,width=600');return false;""><img src=""http://www.gstatic.com/images/icons/gplus-16.png"" alt=""Share on Google+""/></a>                                                                                                                                                                              



</div></p><p><a href=""http://tech.slashdot.org/story/15/04/29/2124242/internet-explorers-successor-project-spartan-is-called-microsoft-edge?utm_source=rss1.0moreanon&amp;utm_medium=feed"">Read more of this story</a> at Slashdot.</p><iframe src=""http://slashdot.org/slashdot-it.pl?op=discuss&amp;id=7340451&amp;smallembed=1"" style=""height: 300px; width: 100%; border: none;""></iframe><img src=""http://feeds.feedburner.com/~r/Slashdot/slashdot/~4/jwGLjFcXLJU"" height=""1"" width=""1"" alt=""""/>"
LG G4 and Qualcomm's Snapdragon 808 Benchmarked,http://rss.slashdot.org/~r/Slashdot/slashdot/~3/PFcizxC_Bvo/lg-g4-and-qualcomms-snapdragon-808-benchmarked,"MojoKid writes: LG officially lifted the veil on its new G4 flagship Android phone this week and the buzz has been fairly strong. LG's display prowess is well known, along with their ability to pack a ton of screen real estate into a smaller frame with very little bezel, as they did with the previous generation G3. However, what's under the hood of the new LG G4 is probably just as interesting as the build quality and display, for some. On board the LG G4 is a Qualcomm Snapdragon 808, the six-core little brother of the powerful and power-hungry Snapdragon 810 that's found in HTC's One M9. The One M9 is currently one of the fastest Android handsets out there, but its battery life suffers as a result. So with a six-core Snapdragon and a slightly tamer Adreno 418 graphics engine on board, but also with 3GB of RAM, it's interesting to see where the G4 lands performance-wise. It's basically somewhere between the HTC One M9 (Snapdragon 810) and the Snapdragon 805 in the Nexus 6 in CPU bound workloads, besting even the iPhone 6, but much more middle of the pack in terms of graphics and gaming.<p><div class=""share_submission"" style=""position:relative;"">
<a class=""slashpop"" href=""http://twitter.com/home?status=LG+G4+and+Qualcomm's+Snapdragon+808+Benchmarked%3A+http%3A%2F%2Fbit.ly%2F1GJ2eLA""><img src=""http://a.fsdn.com/sd/twitter_icon_large.png""></a>
<a class=""slashpop"" href=""http://www.facebook.com/sharer.php?u=http%3A%2F%2Fmobile.slashdot.org%2Fstory%2F15%2F04%2F29%2F2149240%2Flg-g4-and-qualcomms-snapdragon-808-benchmarked%3Futm_source%3Dslashdot%26utm_medium%3Dfacebook""><img src=""http://a.fsdn.com/sd/facebook_icon_large.png""></a>

<a class=""nobg"" href=""http://plus.google.com/share?url=http://mobile.slashdot.org/story/15/04/29/2149240/lg-g4-and-qualcomms-snapdragon-808-benchmarked?utm_source=slashdot&amp;utm_medium=googleplus"" onclick=""javascript:window.open(this.href,'', 'menubar=no,toolbar=no,resizable=yes,scrollbars=yes,height=600,width=600');return false;""><img src=""http://www.gstatic.com/images/icons/gplus-16.png"" alt=""Share on Google+""/></a>                                                                                                                                                                              



</div></p><p><a href=""http://mobile.slashdot.org/story/15/04/29/2149240/lg-g4-and-qualcomms-snapdragon-808-benchmarked?utm_source=rss1.0moreanon&amp;utm_medium=feed"">Read more of this story</a> at Slashdot.</p><iframe src=""http://slashdot.org/slashdot-it.pl?op=discuss&amp;id=7340515&amp;smallembed=1"" style=""height: 300px; width: 100%; border: none;""></iframe><img src=""http://feeds.feedburner.com/~r/Slashdot/slashdot/~4/PFcizxC_Bvo"" height=""1"" width=""1"" alt=""""/>"
NASA Probe Spies Possible Polar Ice Cap On Pluto,http://rss.slashdot.org/~r/Slashdot/slashdot/~3/rGcoeSpIdYw/nasa-probe-spies-possible-polar-ice-cap-on-pluto,"astroengine writes: As NASA's New Horizons spacecraft rapidly approaches Pluto for its historic flyby in July, the dwarf planet is gradually sliding into focus. And in the latest series of observations beamed back from the fringes of the Kuiper belt, surface features are becoming evident including the stunning revelation that Pluto may possess a polar ice cap. ""As we approach the Pluto system we are starting to see intriguing features such as a bright region near Pluto's visible pole, starting the great scientific adventure to understand this enigmatic celestial object,"" said John Grunsfeld, associate administrator for NASA's Science Mission Directorate in Washington D.C. ""As we get closer, the excitement is building in our quest to unravel the mysteries of Pluto using data from New Horizons.""<p><div class=""share_submission"" style=""position:relative;"">
<a class=""slashpop"" href=""http://twitter.com/home?status=NASA+Probe+Spies+Possible+Polar+Ice+Cap+On+Pluto%3A+http%3A%2F%2Fbit.ly%2F1JTNIya""><img src=""http://a.fsdn.com/sd/twitter_icon_large.png""></a>
<a class=""slashpop"" href=""http://www.facebook.com/sharer.php?u=http%3A%2F%2Fscience.slashdot.org%2Fstory%2F15%2F04%2F29%2F2130216%2Fnasa-probe-spies-possible-polar-ice-cap-on-pluto%3Futm_source%3Dslashdot%26utm_medium%3Dfacebook""><img src=""http://a.fsdn.com/sd/facebook_icon_large.png""></a>

<a class=""nobg"" href=""http://plus.google.com/share?url=http://science.slashdot.org/story/15/04/29/2130216/nasa-probe-spies-possible-polar-ice-cap-on-pluto?utm_source=slashdot&amp;utm_medium=googleplus"" onclick=""javascript:window.open(this.href,'', 'menubar=no,toolbar=no,resizable=yes,scrollbars=yes,height=600,width=600');return false;""><img src=""http://www.gstatic.com/images/icons/gplus-16.png"" alt=""Share on Google+""/></a>                                                                                                                                                                              



</div></p><p><a href=""http://science.slashdot.org/story/15/04/29/2130216/nasa-probe-spies-possible-polar-ice-cap-on-pluto?utm_source=rss1.0moreanon&amp;utm_medium=feed"">Read more of this story</a> at Slashdot.</p><iframe src=""http://slashdot.org/slashdot-it.pl?op=discuss&amp;id=7340469&amp;smallembed=1"" style=""height: 300px; width: 100%; border: none;""></iframe><img src=""http://feeds.feedburner.com/~r/Slashdot/slashdot/~4/rGcoeSpIdYw"" height=""1"" width=""1"" alt=""""/>"
Oculus Rift-Based System Brings True Immersion To Telepresence Robots,http://rss.slashdot.org/~r/Slashdot/slashdot/~3/61AyRDOIXfw/oculus-rift-based-system-brings-true-immersion-to-telepresence-robots,"An anonymous reader writes: University of Pennsylvania researchers have built an Oculus Rift-based telepresence system that attempts to bring true immersion to remotely operated robots. The system, called DORA (Dexterous Observational Roving Automaton), precisely tracks the motion of your head and then duplicates those motions on a mobile robot moving around at a remote location. Video from the robot's cameras is transmitted to the Oculus headset. One of the creators said that while using the system you ""feel like you are transported somewhere else in the real world.""<p><div class=""share_submission"" style=""position:relative;"">
<a class=""slashpop"" href=""http://twitter.com/home?status=Oculus+Rift-Based+System+Brings+True+Immersion+To+Telepresence+Robots%3A+http%3A%2F%2Fbit.ly%2F1GJDpPS""><img src=""http://a.fsdn.com/sd/twitter_icon_large.png""></a>
<a class=""slashpop"" href=""http://www.facebook.com/sharer.php?u=http%3A%2F%2Fhardware.slashdot.org%2Fstory%2F15%2F04%2F30%2F0158212%2Foculus-rift-based-system-brings-true-immersion-to-telepresence-robots%3Futm_source%3Dslashdot%26utm_medium%3Dfacebook""><img src=""http://a.fsdn.com/sd/facebook_icon_large.png""></a>

<a class=""nobg"" href=""http://plus.google.com/share?url=http://hardware.slashdot.org/story/15/04/30/0158212/oculus-rift-based-system-brings-true-immersion-to-telepresence-robots?utm_source=slashdot&amp;utm_medium=googleplus"" onclick=""javascript:window.open(this.href,'', 'menubar=no,toolbar=no,resizable=yes,scrollbars=yes,height=600,width=600');return false;""><img src=""http://www.gstatic.com/images/icons/gplus-16.png"" alt=""Share on Google+""/></a>                                                                                                                                                                              



</div></p><p><a href=""http://hardware.slashdot.org/story/15/04/30/0158212/oculus-rift-based-system-brings-true-immersion-to-telepresence-robots?utm_source=rss1.0moreanon&amp;utm_medium=feed"">Read more of this story</a> at Slashdot.</p><iframe src=""http://slashdot.org/slashdot-it.pl?op=discuss&amp;id=7341135&amp;smallembed=1"" style=""height: 300px; width: 100%; border: none;""></iframe><img src=""http://feeds.feedburner.com/~r/Slashdot/slashdot/~4/61AyRDOIXfw"" height=""1"" width=""1"" alt=""""/>"
"Rand Paul Moves To Block New ""Net Neutrality"" Rules",http://rss.slashdot.org/~r/Slashdot/slashdot/~3/-ldPls_RDew/rand-paul-moves-to-block-new-net-neutrality-rules,"SonicSpike writes with news about another bump in the road for net neutrality. U.S. Senator Rand Paul, a Republican presidential hopeful, on Wednesday introduced a resolution to block new regulations on Internet service providers, saying they would 'wrap the Internet in red tape.' The 'net neutrality' rules, which are slated to take effect in June, are backed by the Obama administration and were passed by the Democratic majority of the Federal Communications Commission in February. AT&amp;T Inc and wireless and cable trade associations are challenging them in court. Paul's resolution, if adopted, would allow the Senate to fast-track a vote to establish that Congress disapproves of the FCC's new rules and moves to nullify them.<p><div class=""share_submission"" style=""position:relative;"">
<a class=""slashpop"" href=""http://twitter.com/home?status=Rand+Paul+Moves+To+Block+New+%22Net+Neutrality%22+Rules%3A+http%3A%2F%2Fbit.ly%2F1Q1TTEg""><img src=""http://a.fsdn.com/sd/twitter_icon_large.png""></a>
<a class=""slashpop"" href=""http://www.facebook.com/sharer.php?u=http%3A%2F%2Ftech.slashdot.org%2Fstory%2F15%2F04%2F30%2F024238%2Frand-paul-moves-to-block-new-net-neutrality-rules%3Futm_source%3Dslashdot%26utm_medium%3Dfacebook""><img src=""http://a.fsdn.com/sd/facebook_icon_large.png""></a>

<a class=""nobg"" href=""http://plus.google.com/share?url=http://tech.slashdot.org/story/15/04/30/024238/rand-paul-moves-to-block-new-net-neutrality-rules?utm_source=slashdot&amp;utm_medium=googleplus"" onclick=""javascript:window.open(this.href,'', 'menubar=no,toolbar=no,resizable=yes,scrollbars=yes,height=600,width=600');return false;""><img src=""http://www.gstatic.com/images/icons/gplus-16.png"" alt=""Share on Google+""/></a>                                                                                                                                                                              



</div></p><p><a href=""http://tech.slashdot.org/story/15/04/30/024238/rand-paul-moves-to-block-new-net-neutrality-rules?utm_source=rss1.0moreanon&amp;utm_medium=feed"">Read more of this story</a> at Slashdot.</p><iframe src=""http://slashdot.org/slashdot-it.pl?op=discuss&amp;id=7341153&amp;smallembed=1"" style=""height: 300px; width: 100%; border: none;""></iframe><img src=""http://feeds.feedburner.com/~r/Slashdot/slashdot/~4/-ldPls_RDew"" height=""1"" width=""1"" alt=""""/>"
Russian Cargo Spacehip Declared Lost,http://rss.slashdot.org/~r/Slashdot/slashdot/~3/qoFKxpkSjEc/russian-cargo-spacehip-declared-lost,"schwit1 writes: The Russians have declared lost the Progress freighter that had been launched to the ISS yesterday. They never could regain control of the craft, plus it was in an incorrect orbit. Moreover, the U.S. Air Force has detected debris nearby, suggesting a significant failure of some kind. The Russians are now considering delaying the next manned launch, scheduled for May 26, while they investigate this failure. Both Soyuz and Progress use some of the same systems, including the radar system that failed on Progress, and they want to make sure the problem won't pop up on the manned mission. At the same time, they are also considering advancing the launch date of the next Progress to ISS from August 6. Based on these reports, I think they might swap the launch dates for the two flights. A Dragon is scheduled to go to ISS in between these missions, though that schedule could be changed as well to accommodate the Russian plans.<p><div class=""share_submission"" style=""position:relative;"">
<a class=""slashpop"" href=""http://twitter.com/home?status=Russian+Cargo+Spacehip+Declared+Lost%3A+http%3A%2F%2Fbit.ly%2F1IoqkuA""><img src=""http://a.fsdn.com/sd/twitter_icon_large.png""></a>
<a class=""slashpop"" href=""http://www.facebook.com/sharer.php?u=http%3A%2F%2Fslashdot.org%2Fstory%2F15%2F04%2F29%2F1922239%2Frussian-cargo-spacehip-declared-lost%3Futm_source%3Dslashdot%26utm_medium%3Dfacebook""><img src=""http://a.fsdn.com/sd/facebook_icon_large.png""></a>

<a class=""nobg"" href=""http://plus.google.com/share?url=http://slashdot.org/story/15/04/29/1922239/russian-cargo-spacehip-declared-lost?utm_source=slashdot&amp;utm_medium=googleplus"" onclick=""javascript:window.open(this.href,'', 'menubar=no,toolbar=no,resizable=yes,scrollbars=yes,height=600,width=600');return false;""><img src=""http://www.gstatic.com/images/icons/gplus-16.png"" alt=""Share on Google+""/></a>                                                                                                                                                                              



</div></p><p><a href=""http://slashdot.org/story/15/04/29/1922239/russian-cargo-spacehip-declared-lost?utm_source=rss1.0moreanon&amp;utm_medium=feed"">Read more of this story</a> at Slashdot.</p><iframe src=""http://slashdot.org/slashdot-it.pl?op=discuss&amp;id=7340079&amp;smallembed=1"" style=""height: 300px; width: 100%; border: none;""></iframe><img src=""http://feeds.feedburner.com/~r/Slashdot/slashdot/~4/qoFKxpkSjEc"" height=""1"" width=""1"" alt=""""/>"
"Senate Advances ""Secret Science"" Bill, Sets Up Possible Showdown With President",http://rss.slashdot.org/~r/Slashdot/slashdot/~3/hwOYmiXP5YQ/senate-advances-secret-science-bill-sets-up-possible-showdown-with-president,"sciencehabit writes: Republicans in Congress appear to be headed for a showdown with the White House over controversial ""secret science"" legislation aimed at changing how the Environmental Protection Agency (EPA) uses scientific studies. A deeply divided Senate panel yesterday advanced a bill that would require EPA to craft its policies based only on public data available to outside experts. The House of Representatives has already passed a similar measure. But Democrats and science groups have harshly criticized the approach, and the White House has threatened a veto.<p><div class=""share_submission"" style=""position:relative;"">
<a class=""slashpop"" href=""http://twitter.com/home?status=Senate+Advances+%22Secret+Science%22+Bill%2C+Sets+Up+Possible+Showdown+With+President%3A+http%3A%2F%2Fbit.ly%2F1HSi7Ou""><img src=""http://a.fsdn.com/sd/twitter_icon_large.png""></a>
<a class=""slashpop"" href=""http://www.facebook.com/sharer.php?u=http%3A%2F%2Fscience.slashdot.org%2Fstory%2F15%2F04%2F29%2F2127209%2Fsenate-advances-secret-science-bill-sets-up-possible-showdown-with-president%3Futm_source%3Dslashdot%26utm_medium%3Dfacebook""><img src=""http://a.fsdn.com/sd/facebook_icon_large.png""></a>

<a class=""nobg"" href=""http://plus.google.com/share?url=http://science.slashdot.org/story/15/04/29/2127209/senate-advances-secret-science-bill-sets-up-possible-showdown-with-president?utm_source=slashdot&amp;utm_medium=googleplus"" onclick=""javascript:window.open(this.href,'', 'menubar=no,toolbar=no,resizable=yes,scrollbars=yes,height=600,width=600');return false;""><img src=""http://www.gstatic.com/images/icons/gplus-16.png"" alt=""Share on Google+""/></a>                                                                                                                                                                              



</div></p><p><a href=""http://science.slashdot.org/story/15/04/29/2127209/senate-advances-secret-science-bill-sets-up-possible-showdown-with-president?utm_source=rss1.0moreanon&amp;utm_medium=feed"">Read more of this story</a> at Slashdot.</p><iframe src=""http://slashdot.org/slashdot-it.pl?op=discuss&amp;id=7340455&amp;smallembed=1"" style=""height: 300px; width: 100%; border: none;""></iframe><img src=""http://feeds.feedburner.com/~r/Slashdot/slashdot/~4/hwOYmiXP5YQ"" height=""1"" width=""1"" alt=""""/>"
The United States Just Might Be Iran's Favorite New Nuclear Supplier,http://rss.slashdot.org/~r/Slashdot/slashdot/~3/3lYeZs1iinA/the-united-states-just-might-be-irans-favorite-new-nuclear-supplier,"Lasrick writes: Nick Gillard from Project Alpha points out that for more than 3 decades, Iran has purchased goods for its nuclear program largely from the shadows. With the Framework Agreement, that will almost certainly change: ""According to the US State Department, one of the agreement's provisions creates a dedicated procurement channel for Iran's nuclear program. This channel will monitor and approve, on a case-by-case basis, the supply, sale, or transfer to Iran of certain nuclear-related and dual-use materials and technology."" That is terrific news for US companies, because Iran is known to covet US-made parts required for their program, most of which are ""dual-use.""<p><div class=""share_submission"" style=""position:relative;"">
<a class=""slashpop"" href=""http://twitter.com/home?status=The+United+States+Just+Might+Be+Iran's+Favorite+New+Nuclear+Supplier%3A+http%3A%2F%2Fbit.ly%2F1AiRADH""><img src=""http://a.fsdn.com/sd/twitter_icon_large.png""></a>
<a class=""slashpop"" href=""http://www.facebook.com/sharer.php?u=http%3A%2F%2Fpolitics.slashdot.org%2Fstory%2F15%2F04%2F29%2F2139205%2Fthe-united-states-just-might-be-irans-favorite-new-nuclear-supplier%3Futm_source%3Dslashdot%26utm_medium%3Dfacebook""><img src=""http://a.fsdn.com/sd/facebook_icon_large.png""></a>

<a class=""nobg"" href=""http://plus.google.com/share?url=http://politics.slashdot.org/story/15/04/29/2139205/the-united-states-just-might-be-irans-favorite-new-nuclear-supplier?utm_source=slashdot&amp;utm_medium=googleplus"" onclick=""javascript:window.open(this.href,'', 'menubar=no,toolbar=no,resizable=yes,scrollbars=yes,height=600,width=600');return false;""><img src=""http://www.gstatic.com/images/icons/gplus-16.png"" alt=""Share on Google+""/></a>                                                                                                                                                                              



</div></p><p><a href=""http://politics.slashdot.org/story/15/04/29/2139205/the-united-states-just-might-be-irans-favorite-new-nuclear-supplier?utm_source=rss1.0moreanon&amp;utm_medium=feed"">Read more of this story</a> at Slashdot.</p><iframe src=""http://slashdot.org/slashdot-it.pl?op=discuss&amp;id=7340497&amp;smallembed=1"" style=""height: 300px; width: 100%; border: none;""></iframe><img src=""http://feeds.feedburner.com/~r/Slashdot/slashdot/~4/3lYeZs1iinA"" height=""1"" width=""1"" alt=""""/>"
"Windows XP Support Deal Not Renewed By UK Government, Leaves PCs Open To Attack",http://rss.slashdot.org/~r/Slashdot/slashdot/~3/rrPUBr-XG3A/windows-xp-support-deal-not-renewed-by-uk-government-leaves-pcs-open-to-attack,"girlmad writes: The government's one-year &pound;5.5m Windows XP support deal with Microsoft has not been extended, sources have told V3, despite thousands of computers across Whitehall still running the ancient software, leaving them wide open to cyber attacks. It's still unclear when all government machines will be migrated to a newer OS.<p><div class=""share_submission"" style=""position:relative;"">
<a class=""slashpop"" href=""http://twitter.com/home?status=Windows+XP+Support+Deal+Not+Renewed+By+UK+Government%2C+Leaves+PCs+Open+To+Attack%3A+http%3A%2F%2Fbit.ly%2F1QNym3B""><img src=""http://a.fsdn.com/sd/twitter_icon_large.png""></a>
<a class=""slashpop"" href=""http://www.facebook.com/sharer.php?u=http%3A%2F%2Fnews.slashdot.org%2Fstory%2F15%2F04%2F30%2F0156245%2Fwindows-xp-support-deal-not-renewed-by-uk-government-leaves-pcs-open-to-attack%3Futm_source%3Dslashdot%26utm_medium%3Dfacebook""><img src=""http://a.fsdn.com/sd/facebook_icon_large.png""></a>

<a class=""nobg"" href=""http://plus.google.com/share?url=http://news.slashdot.org/story/15/04/30/0156245/windows-xp-support-deal-not-renewed-by-uk-government-leaves-pcs-open-to-attack?utm_source=slashdot&amp;utm_medium=googleplus"" onclick=""javascript:window.open(this.href,'', 'menubar=no,toolbar=no,resizable=yes,scrollbars=yes,height=600,width=600');return false;""><img src=""http://www.gstatic.com/images/icons/gplus-16.png"" alt=""Share on Google+""/></a>                                                                                                                                                                              



</div></p><p><a href=""http://news.slashdot.org/story/15/04/30/0156245/windows-xp-support-deal-not-renewed-by-uk-government-leaves-pcs-open-to-attack?utm_source=rss1.0moreanon&amp;utm_medium=feed"">Read more of this story</a> at Slashdot.</p><iframe src=""http://slashdot.org/slashdot-it.pl?op=discuss&amp;id=7341129&amp;smallembed=1"" style=""height: 300px; width: 100%; border: none;""></iframe><img src=""http://feeds.feedburner.com/~r/Slashdot/slashdot/~4/rrPUBr-XG3A"" height=""1"" width=""1"" alt=""""/>"
World-First Remote Air Traffic Control System Lands In Sweden,http://rss.slashdot.org/~r/Slashdot/slashdot/~3/HdVWPzd7NvA/world-first-remote-air-traffic-control-system-lands-in-sweden,"Zothecula writes: Small airports are often in a no-win situation. They don't have much traffic because they don't have an adequate tower system, and they don't have an adequate tower system because they don't have much traffic. That could be about to change, with the opening of the world's first remotely operated air-traffic control system in Sweden. Thanks to the Remote Tower Services (RTS) system, the first plane landed last week at &#214;rnsk&#246;ldsvik Airport, but it was controlled from the LFV Remote Tower Centre 123 km (76 mi) away in Sundsvall.<p><div class=""share_submission"" style=""position:relative;"">
<a class=""slashpop"" href=""http://twitter.com/home?status=World-First+Remote+Air+Traffic+Control+System+Lands+In+Sweden%3A+http%3A%2F%2Fbit.ly%2F1bEhbRr""><img src=""http://a.fsdn.com/sd/twitter_icon_large.png""></a>
<a class=""slashpop"" href=""http://www.facebook.com/sharer.php?u=http%3A%2F%2Ftech.slashdot.org%2Fstory%2F15%2F04%2F29%2F187224%2Fworld-first-remote-air-traffic-control-system-lands-in-sweden%3Futm_source%3Dslashdot%26utm_medium%3Dfacebook""><img src=""http://a.fsdn.com/sd/facebook_icon_large.png""></a>

<a class=""nobg"" href=""http://plus.google.com/share?url=http://tech.slashdot.org/story/15/04/29/187224/world-first-remote-air-traffic-control-system-lands-in-sweden?utm_source=slashdot&amp;utm_medium=googleplus"" onclick=""javascript:window.open(this.href,'', 'menubar=no,toolbar=no,resizable=yes,scrollbars=yes,height=600,width=600');return false;""><img src=""http://www.gstatic.com/images/icons/gplus-16.png"" alt=""Share on Google+""/></a>                                                                                                                                                                              



</div></p><p><a href=""http://tech.slashdot.org/story/15/04/29/187224/world-first-remote-air-traffic-control-system-lands-in-sweden?utm_source=rss1.0moreanon&amp;utm_medium=feed"">Read more of this story</a> at Slashdot.</p><iframe src=""http://slashdot.org/slashdot-it.pl?op=discuss&amp;id=7339771&amp;smallembed=1"" style=""height: 300px; width: 100%; border: none;""></iframe><img src=""http://feeds.feedburner.com/~r/Slashdot/slashdot/~4/HdVWPzd7NvA"" height=""1"" width=""1"" alt=""""/>"
